store_name,website,status,pages_checked,manual_decision,recommended_action
Storyville Toys,https://www.storyvilletoys.com/,no_email_found,13,,verify_manually
Tabletop Game Cafe,https://www.tabletopkc.com/,no_email_found,13,,verify_manually
Tacoma Games,https://www.tacomagames.com/,no_email_found,13,,verify_manually
Terra Toys,https://www.terratoysaustin.com/,no_email_found,13,,verify_manually
The Asheville Shop,https://theashevilleshop.com/,contact_form_only,13,,verify_manually
The Brain Shoppe,https://www.thebrainshoppe.com/,contact_form_only,13,,verify_manually
The Collective,https://www.collectiveorlando.com/,contact_form_only,13,,verify_manually
The Curio Shoppe & Wizardry Store,https://www.curioshoppealexandria.com/,no_email_found,13,,verify_manually
The Game Keep,https://www.thegamekeep.com/,contact_form_only,13,,verify_manually
The Game Room,https://www.gameroompa.com/,no_email_found,13,,verify_manually
The Gameroom,https://www.gameroomclt.com/,no_email_found,13,,verify_manually
The Games People Play,https://www.gamespeopleplaycambridge.com/,no_email_found,13,,verify_manually
The Gaming Pit,https://www.thegamingpit.com/,no_email_found,13,,verify_manually
The Learning Tree,https://www.learningtreeoakland.com/,no_email_found,13,,verify_manually
The Rook Game Room,https://www.therooknola.com/,no_email_found,13,,verify_manually
The Toy Box,https://www.toyboxbrookline.com/,no_email_found,13,,verify_manually
Therapy Stores,https://www.therapystores.com/,contact_form_only,13,,verify_manually
Things From Another World,https://www.tfaw.com/,no_email_found,13,,verify_manually
Third Planet Comics & Games,https://www.thirdplanet.com/,no_email_found,13,,verify_manually
Tiki Tiki Board Games,https://www.tikitikiboardgames.com/,no_email_found,13,,verify_manually
Time Vault Games,https://www.timevaultgames.com/,no_email_found,13,,verify_manually
Timeless Toys,https://timelesstoys.com/,contact_form_only,13,,verify_manually
Titan Comics & Games,https://www.titancomicsga.com/,no_email_found,13,,verify_manually
Top Deck Games,https://www.topdecktucson.com/,no_email_found,13,,verify_manually
Top Ten Toys,https://www.toptentoys.com/,no_email_found,13,,verify_manually
Toy Chest,https://www.thetoychestnc.com/,no_email_found,13,,verify_manually
Toy Garden,https://www.toygarden.com/,no_email_found,13,,verify_manually
Toy Joy,https://www.toyjoy.com/,contact_form_only,13,,verify_manually
Toy Lab,https://www.toylabchicago.com/,no_email_found,13,,verify_manually
Toy Mandala,https://www.toymandala.com/,contact_form_only,13,,verify_manually
